"Airline","Origin_Airport","Stopover_Airport","Destination_Airport","Origin_Departure_Delay","Stopover_Arrival_Delay","Stopover_Departure_Delay","Destination_Arrival_Delay"
"VX","SFO","LAX","JFK","-5","1","-5","1"
"VX","SFO","LAS","JFK","-3","13","8","13"
"VX","SFO","LAX","JFK","-1","1","-5","1"
"B6","SFO","BOS","JFK","26","-12","-2","-12"
"B6","SFO","FLL","JFK","13","-19","-5","-19"
"DL","SFO","ATL","JFK","12","-10","1","-10"
"AA","SFO","ORD","JFK","-6","-6","-4","-6"
"DL","SFO","ATL","JFK","0","-19","9","-19"
"AA","SFO","MIA","JFK","-1","-10","2","-10"
"VX","SFO","LAX","JFK","3","15","14","15"
"DL","SFO","ATL","JFK","-3","11","1","11"
"VX","SFO","LAX","JFK","-4","15","14","15"
"B6","SFO","BOS","JFK","-9","-5","-9","-5"
"DL","SFO","ATL","JFK","-2","11","1","11"
"AA","SFO","ORD","JFK","3","-20","-4","-20"
"AA","SFO","ORD","JFK","-7","-20","-4","-20"
"VX","SFO","LAX","JFK","-7","5","-4","5"
"DL","SFO","ATL","JFK","-1","1","19","1"
"VX","SFO","LAX","JFK","-8","20","-3","20"
"VX","SFO","LAX","JFK","0","0","-1","0"
"VX","SFO","LAX","JFK","-5","0","-1","0"
"B6","SFO","BOS","JFK","-6","0","8","0"
"B6","SFO","FLL","JFK","16","-2","-1","-2"
"DL","SFO","ATL","JFK","-3","-22","-1","-22"
"AA","SFO","ORD","JFK","-7","-14","-5","-14"
"DL","SFO","ATL","JFK","-3","-16","0","-16"
"AA","SFO","MIA","JFK","-6","-12","14","-12"
"VX","SFO","LAX","JFK","6","-20","-1","-20"
"DL","SFO","ATL","JFK","0","-18","1","-18"
"VX","SFO","LAX","JFK","-5","-20","-1","-20"
"B6","SFO","BOS","JFK","7","4","-1","4"
"DL","SFO","ATL","JFK","-3","-18","1","-18"
"AA","SFO","ORD","JFK","-6","-13","-2","-13"
"B6","SFO","FLL","JFK","-3","-20","-3","-20"
"AA","SFO","ORD","JFK","-2","-13","-2","-13"
"DL","SFO","ATL","JFK","9","-12","0","-12"
"VX","SFO","LAX","JFK","-7","-6","-8","-6"
"VX","SFO","LAX","JFK","6","-8","1","-8"
"VX","SFO","LAX","JFK","-7","-8","1","-8"
"B6","SFO","BOS","JFK","34","-2","-3","-2"
"DL","SFO","ATL","JFK","20","-12","-1","-12"
"AA","SFO","MIA","JFK","539","-7","0","-7"
"AA","SFO","ORD","JFK","-4","-10","0","-10"
"DL","SFO","ATL","JFK","-2","-6","12","-6"
"AA","SFO","MIA","JFK","0","1","-5","1"
"VX","SFO","LAX","JFK","-5","-7","1","-7"
"DL","SFO","ATL","JFK","-1","20","17","20"
"VX","SFO","LAX","JFK","-7","-7","1","-7"
"B6","SFO","BOS","JFK","-6","-17","1","-17"
"DL","SFO","ATL","JFK","5","20","17","20"
"AA","SFO","ORD","JFK","-3","-14","-7","-14"
"B6","SFO","FLL","JFK","55","-5","5","-5"
"AA","SFO","ORD","JFK","-1","-14","-7","-14"
"VX","SFO","LAX","JFK","3","-15","-1","-15"
"DL","SFO","ATL","JFK","19","-19","-4","-19"
"VX","SFO","LAX","JFK","-3","-15","-1","-15"
"VX","SFO","LAS","JFK","-3","-8","6","-8"
"VX","SFO","LAX","JFK","-5","-30","1","-30"
"B6","SFO","BOS","JFK","29","-3","-6","-3"
"DL","SFO","ATL","JFK","74","7","3","7"
"AA","SFO","ORD","JFK","0","-14","-2","-14"
"DL","SFO","ATL","JFK","-1","-1","2","-1"
"AA","SFO","MIA","JFK","0","15","-6","15"
"VX","SFO","LAX","JFK","0","-53","-4","-53"
"DL","SFO","ATL","JFK","5","-2","0","-2"
"VX","SFO","LAX","JFK","-5","-53","-4","-53"
"B6","SFO","BOS","JFK","-9","-8","-1","-8"
"DL","SFO","ATL","JFK","2","-2","0","-2"
"AA","SFO","ORD","JFK","0","-14","11","-14"
"B6","SFO","FLL","JFK","-1","-4","-13","-4"
"B6","SFO","FLL","JFK","-1","2","-5","2"
"VX","SFO","LAX","JFK","-4","-20","-3","-20"
"VX","SFO","LAX","JFK","-4","12","49","12"
"DL","SFO","DTW","JFK","2","-15","1","-15"
"DL","SFO","ATL","JFK","1","7","-2","7"
"VX","SFO","LAX","JFK","-1","-20","-3","-20"
"VX","SFO","LAS","JFK","2","-35","-4","-35"
"VX","SFO","LAX","JFK","30","-16","0","-16"
"VX","SFO","LAX","JFK","-4","-16","0","-16"
"VX","SFO","LAX","JFK","-1","-16","0","-16"
"B6","SFO","BOS","JFK","9","-8","-4","-8"
"B6","SFO","FLL","JFK","-5","7","-3","7"
"DL","SFO","ATL","JFK","6","5","-3","5"
"B6","SFO","BOS","JFK","10","-7","-3","-7"
"DL","SFO","ATL","JFK","-2","2","3","2"
"AA","SFO","MIA","JFK","-2","-16","-8","-16"
"VX","SFO","LAX","JFK","-3","-30","1","-30"
"VX","SFO","LAX","JFK","-4","-30","1","-30"
"DL","SFO","ATL","JFK","0","-25","-3","-25"
"AA","SFO","ORD","JFK","-2","-18","-5","-18"
"B6","SFO","FLL","JFK","-3","15","15","15"
"B6","SFO","FLL","JFK","-3","-3","-1","-3"
"AA","SFO","ORD","JFK","-7","-18","-5","-18"
"DL","SFO","DTW","JFK","-6","-17","0","-17"
"VX","SFO","LAX","JFK","-6","-11","12","-11"
"DL","SFO","ATL","JFK","-3","-19","0","-19"
"B6","SFO","BOS","JFK","10","-6","0","-6"
"B6","SFO","BOS","JFK","10","2","-2","2"
"DL","SFO","ATL","JFK","-8","15","35","15"
"DL","SFO","ATL","JFK","5","-33","-5","-33"
"AA","SFO","MIA","JFK","-2","-3","-4","-3"
"DL","SFO","ATL","JFK","2","-26","-4","-26"
"VX","SFO","LAX","JFK","-3","62","89","62"
"B6","SFO","BOS","JFK","-6","3","3","3"
"VX","SFO","LAX","JFK","54","11","7","11"
"VX","SFO","LAX","JFK","54","42","64","42"
"DL","SFO","DTW","JFK","7","17","28","17"
"VX","SFO","LAX","JFK","109","15","21","15"
"VX","SFO","LAS","JFK","47","-14","0","-14"
"VX","SFO","LAX","JFK","13","15","21","15"
"VX","SFO","LAX","JFK","29","15","21","15"
"B6","SFO","FLL","JFK","206","2","1","2"
"B6","SFO","FLL","JFK","206","43","35","43"
"DL","SFO","ATL","JFK","-1","0","5","0"
"AA","SFO","ORD","JFK","-6","35","8","35"
"DL","SFO","ATL","JFK","0","73","62","73"
"AA","SFO","MIA","JFK","-3","34","35","34"
"VX","SFO","LAX","JFK","14","-28","0","-28"
"VX","SFO","LAX","JFK","-1","-28","0","-28"
"B6","SFO","BOS","JFK","-8","194","195","194"
"DL","SFO","ATL","JFK","0","26","35","26"
"AA","SFO","ORD","JFK","26","21","8","21"
"B6","SFO","FLL","JFK","13","67","67","67"
"AA","SFO","ORD","JFK","-2","21","8","21"
"VX","SFO","LAX","JFK","0","40","62","40"
"B6","SFO","BOS","JFK","13","67","62","67"
"B6","SFO","BOS","JFK","13","69","68","69"
"B6","SFO","BOS","JFK","13","133","124","133"
"DL","SFO","ATL","JFK","-1","0","0","0"
"VX","SFO","LAX","JFK","-6","52","66","52"
"VX","SFO","LAX","JFK","85","-12","20","-12"
"VX","SFO","LAX","JFK","25","-12","20","-12"
"VX","SFO","LAX","JFK","-4","-12","20","-12"
"B6","SFO","BOS","JFK","-1","49","39","49"
"B6","SFO","FLL","JFK","8","2","0","2"
"DL","SFO","ATL","JFK","-9","-19","-2","-19"
"AA","SFO","ORD","JFK","-6","-31","-4","-31"
"DL","SFO","ATL","JFK","2","-13","1","-13"
"AA","SFO","MIA","JFK","2","-20","-1","-20"
"VX","SFO","LAX","JFK","5","-1","23","-1"
"DL","SFO","ATL","JFK","0","14","-2","14"
"VX","SFO","LAX","JFK","6","-1","23","-1"
"B6","SFO","BOS","JFK","-2","-8","-2","-8"
"DL","SFO","ATL","JFK","2","14","-2","14"
"AA","SFO","ORD","JFK","-3","-23","-5","-23"
"B6","SFO","FLL","JFK","-2","33","48","33"
"B6","SFO","FLL","JFK","-2","73","87","73"
"AA","SFO","ORD","JFK","-6","-23","-5","-23"
"VX","SFO","LAX","JFK","-1","-33","-4","-33"
"DL","SFO","ATL","JFK","-2","-24","-3","-24"
"VX","SFO","LAX","JFK","-6","-3","8","-3"
"VX","SFO","LAX","JFK","23","-15","0","-15"
"VX","SFO","LAX","JFK","-5","-15","0","-15"
"B6","SFO","FLL","JFK","-1","28","29","28"
"DL","SFO","ATL","JFK","-3","-16","-2","-16"
"AA","SFO","ORD","JFK","2","-21","-4","-21"
"DL","SFO","ATL","JFK","-1","-29","-1","-29"
"AA","SFO","MIA","JFK","2","-7","-5","-7"
"VX","SFO","LAX","JFK","1","-23","-1","-23"
"DL","SFO","ATL","JFK","2","-21","0","-21"
"VX","SFO","LAX","JFK","4","-23","-1","-23"
"B6","SFO","BOS","JFK","-1","-3","-4","-3"
"DL","SFO","ATL","JFK","-1","-21","0","-21"
"AA","SFO","ORD","JFK","-2","-23","-8","-23"
"B6","SFO","FLL","JFK","121","35","39","35"
"AA","SFO","ORD","JFK","-2","-23","-8","-23"
"VX","SFO","LAX","JFK","-4","-24","2","-24"
"DL","SFO","ATL","JFK","0","-30","-1","-30"
"VX","SFO","LAX","JFK","-3","3","16","3"
"B6","SFO","LGB","JFK","1","15","8","15"
"VX","SFO","LAX","JFK","-4","-12","2","-12"
"VX","SFO","LAX","JFK","-5","-12","2","-12"
"B6","SFO","BOS","JFK","21","-8","-5","-8"
"B6","SFO","FLL","JFK","0","4","-3","4"
"DL","SFO","ATL","JFK","74","-10","4","-10"
"AA","SFO","MIA","JFK","3","-18","-1","-18"
"DL","SFO","ATL","JFK","2","-9","-2","-9"
"AA","SFO","MIA","JFK","17","52","46","52"
"VX","SFO","LAX","JFK","0","6","21","6"
"VX","SFO","LAX","JFK","0","6","21","6"
"DL","SFO","ATL","JFK","1","44","52","44"
"AA","SFO","ORD","JFK","1","290","300","290"
"B6","SFO","FLL","JFK","5","61","85","61"
"AA","SFO","ORD","JFK","0","69","85","69"
"VX","SFO","LAX","JFK","-2","80","82","80"
"DL","SFO","DTW","JFK","1","35","55","35"
"DL","SFO","ATL","JFK","-2","23","57","23"
"AA","SFO","MIA","JFK","10","-5","-1","-5"
"VX","SFO","LAX","JFK","-5","-6","0","-6"
"VX","SFO","LAS","JFK","-4","6","21","6"
"VX","SFO","LAX","JFK","1","-17","-6","-17"
"B6","SFO","BOS","JFK","16","-10","-1","-10"
"AA","SFO","MIA","JFK","2","-17","2","-17"
"DL","SFO","ATL","JFK","20","-29","1","-29"
"AA","SFO","ORD","JFK","0","-7","-4","-7"
"DL","SFO","ATL","JFK","-4","-31","-5","-31"
"AA","SFO","MIA","JFK","2","31","54","31"
"VX","SFO","LAX","JFK","7","-10","8","-10"
"DL","SFO","ATL","JFK","3","31","47","31"
"AA","SFO","ORD","JFK","16","49","-6","49"
"DL","SFO","DTW","JFK","-1","55","66","55"
"DL","SFO","ATL","JFK","1","-11","3","-11"
"AA","SFO","MIA","JFK","1","60","98","60"
"VX","SFO","LAX","JFK","146","102","111","102"
"VX","SFO","LAX","JFK","176","102","126","102"
"VX","SFO","LAX","JFK","52","102","126","102"
"AA","SFO","MIA","JFK","89","-24","-4","-24"
"B6","SFO","FLL","JFK","151","63","76","63"
"DL","SFO","ATL","JFK","167","-2","1","-2"
"DL","SFO","ATL","JFK","176","-12","5","-12"
"AA","SFO","MIA","JFK","113","-13","-5","-13"
"DL","SFO","ATL","JFK","10","26","35","26"
"VX","SFO","LAX","JFK","23","-41","-1","-41"
"VX","SFO","LAX","JFK","9","-41","-1","-41"
"AA","SFO","ORD","JFK","21","3","2","3"
"B6","SFO","FLL","JFK","-3","1","-2","1"
"AA","SFO","ORD","JFK","3","3","2","3"
"VX","SFO","LAX","JFK","11","-21","4","-21"
"VX","SFO","LAX","JFK","11","26","36","26"
"DL","SFO","DTW","JFK","10","30","29","30"
"VX","SFO","LAX","JFK","-3","9","15","9"
"VX","SFO","LAX","JFK","10","36","23","36"
"B6","SFO","BOS","JFK","51","39","48","39"
"AA","SFO","MIA","JFK","0","9","23","9"
"B6","SFO","FLL","JFK","23","8","1","8"
"B6","SFO","FLL","JFK","23","11","4","11"
"DL","SFO","ATL","JFK","-2","-6","10","-6"
"DL","SFO","ATL","JFK","5","-7","1","-7"
"DL","SFO","ATL","JFK","14","12","21","12"
"AA","SFO","MIA","JFK","2","10","-2","10"
"DL","SFO","ATL","JFK","9","8","18","8"
"VX","SFO","LAX","JFK","4","-13","8","-13"
"B6","SFO","BOS","JFK","-1","39","36","39"
"AA","SFO","ORD","JFK","4","-16","0","-16"
"B6","SFO","FLL","JFK","159","105","102","105"
"AA","SFO","ORD","JFK","7","88","90","88"
"DL","SFO","ATL","JFK","-2","-7","7","-7"
"AA","SFO","MIA","JFK","-3","13","0","13"
"VX","SFO","LAX","JFK","13","11","35","11"
"DL","SFO","ATL","JFK","0","1","7","1"
"B6","SFO","BOS","JFK","-7","13","0","13"
"DL","SFO","ATL","JFK","8","1","7","1"
"AA","SFO","ORD","JFK","17","24","11","24"
"B6","SFO","FLL","JFK","-2","-5","14","-5"
"B6","SFO","FLL","JFK","-2","28","38","28"
"AA","SFO","ORD","JFK","1","24","11","24"
"VX","SFO","LAX","JFK","-1","-3","18","-3"
"B6","SFO","BOS","JFK","-3","18","20","18"
"DL","SFO","ATL","JFK","0","-33","-1","-33"
"VX","SFO","LAX","JFK","-4","7","28","7"
"VX","SFO","LAX","JFK","-9","-5","-8","-5"
"B6","SFO","BOS","JFK","-3","15","7","15"
"B6","SFO","FLL","JFK","6","-5","2","-5"
"DL","SFO","ATL","JFK","-3","-20","-1","-20"
"AA","SFO","ORD","JFK","-3",,"16",
"DL","SFO","ATL","JFK","-2","-22","-1","-22"
"AA","SFO","MIA","JFK","0","27","36","27"
"VX","SFO","LAX","JFK","-8","7","6","7"
"VX","SFO","LAX","JFK","-6","7","6","7"
"B6","SFO","BOS","JFK","-7","65","50","65"
"B6","SFO","BOS","JFK","-7","252","242","252"
"DL","SFO","ATL","JFK","-1","90","70","90"
"AA","SFO","ORD","JFK","13","57","31","57"
"B6","SFO","FLL","JFK","11","36","39","36"
"B6","SFO","FLL","JFK","11","138","132","138"
"AA","SFO","ORD","JFK","-4","57","31","57"
"DL","SFO","ATL","JFK","1","20","32","20"
"VX","SFO","LAX","JFK","-4","72","68","72"
"VX","SFO","LAX","JFK","-8","2","1","2"
"VX","SFO","LAX","JFK","-3","2","1","2"
"B6","SFO","BOS","JFK","28","4","0","4"
"B6","SFO","FLL","JFK","1","-21","-7","-21"
"DL","SFO","ATL","JFK","-2","-25","-2","-25"
"AA","SFO","ORD","JFK","-2","28","-1","28"
"DL","SFO","ATL","JFK","0","-22","-5","-22"
"AA","SFO","MIA","JFK","6","54","50","54"
"VX","SFO","LAX","JFK","-5","-15","-1","-15"
"DL","SFO","ATL","JFK","-3","-23","-1","-23"
"B6","SFO","BOS","JFK","-2","-13","-2","-13"
"AA","SFO","ORD","JFK","4","14","25","14"
"B6","SFO","LGB","JFK","202","10","6","10"
"VX","SFO","LAS","JFK","88","100","102","100"
"VX","SFO","LAX","JFK","27","-7","-2","-7"
"DL","SFO","ATL","JFK","5","-30","-2","-30"
"AA","SFO","ORD","JFK","3","2","-2","2"
"DL","SFO","ATL","JFK","-3","2","26","2"
"AA","SFO","MIA","JFK","-1","11","18","11"
"VX","SFO","LAX","JFK","0","-17","4","-17"
"DL","SFO","ATL","JFK","0","-20","9","-20"
"VX","SFO","LAX","JFK","-2","-17","4","-17"
"B6","SFO","BOS","JFK","1","-5","-2","-5"
"B6","SFO","BOS","JFK","1","-7","-6","-7"
"DL","SFO","ATL","JFK","-1","-20","9","-20"
"AA","SFO","ORD","JFK","-7","-1","-7","-1"
"AA","SFO","ORD","JFK","-5","-1","-7","-1"
"DL","SFO","ATL","JFK","0","-25","-1","-25"
"VX","SFO","LAX","JFK","-4","14","-2","14"
"VX","SFO","LAS","JFK","12","3","-8","3"
"VX","SFO","LAX","JFK","-4","1","-2","1"
"VX","SFO","LAX","JFK","-7","1","-2","1"
"B6","SFO","BOS","JFK","-5","-17","-7","-17"
"B6","SFO","BOS","JFK","-5","-14","-10","-14"
"B6","SFO","FLL","JFK","18","-18","-4","-18"
"DL","SFO","ATL","JFK","16","-17","-3","-17"
"AA","SFO","MIA","JFK","43","97","113","97"
"DL","SFO","ATL","JFK","-3","-28","-2","-28"
"AA","SFO","MIA","JFK","-7","24","21","24"
"VX","SFO","LAX","JFK","-5","-7","-4","-7"
"VX","SFO","LAX","JFK","-2","-7","-4","-7"
"DL","SFO","ATL","JFK","-5","-18","-1","-18"
"AA","SFO","ORD","JFK","5","-11","-7","-11"
"B6","SFO","FLL","JFK","0","-3","-1","-3"
"B6","SFO","FLL","JFK","0","-7","0","-7"
"AA","SFO","ORD","JFK","-2","-11","-7","-11"
"VX","SFO","LAX","JFK","-3","2","-1","2"
"DL","SFO","ATL","JFK","-5","-23","-1","-23"
"VX","SFO","LAS","JFK","-5","-6","-1","-6"
"B6","SFO","BOS","JFK","-5","-9","-3","-9"
"B6","SFO","BOS","JFK","-5","-26","-10","-26"
"B6","SFO","FLL","JFK","27","1","-3","1"
"DL","SFO","ATL","JFK","-2","-17","-1","-17"
"DL","SFO","ATL","JFK","2","-24","-1","-24"
"AA","SFO","MIA","JFK","3","6","1","6"
"DL","SFO","ATL","JFK","-1","-14","-1","-14"
"VX","SFO","LAX","JFK","-6","5","0","5"
"B6","SFO","BOS","JFK","4","-2","10","-2"
"DL","SFO","ATL","JFK","-5","-14","-1","-14"
"AA","SFO","ORD","JFK","1","-11","-2","-11"
"B6","SFO","FLL","JFK","72","-15","0","-15"
"VX","SFO","LAX","JFK","52","21","10","21"
"DL","SFO","ATL","JFK","1","-29","-3","-29"
"VX","SFO","LAX","JFK","11","21","10","21"
"VX","SFO","LAS","JFK","25","50","56","50"
"VX","SFO","LAX","JFK","17","6","3","6"
"VX","SFO","LAX","JFK","17","6","3","6"
"B6","SFO","BOS","JFK","7","-5","-1","-5"
"B6","SFO","FLL","JFK","91","-22","5","-22"
"DL","SFO","ATL","JFK","31","-13","-2","-13"
"DL","SFO","ATL","JFK","31","-17","0","-17"
"AA","SFO","ORD","JFK","1","19","19","19"
"DL","SFO","ATL","JFK","-1","-19","2","-19"
"AA","SFO","MIA","JFK","-10","2","5","2"
"VX","SFO","LAX","JFK","-3","7","-3","7"
"DL","SFO","ATL","JFK","0","-13","0","-13"
"VX","SFO","LAX","JFK","10","7","-3","7"
"B6","SFO","BOS","JFK","5","-13","-6","-13"
"B6","SFO","BOS","JFK","5","1","2","1"
"DL","SFO","ATL","JFK","-1","-13","0","-13"
"AA","SFO","ORD","JFK","0","-18","-9","-18"
"B6","SFO","FLL","JFK","67","-7","5","-7"
"AA","SFO","ORD","JFK","-6","-18","-9","-18"
"VX","SFO","LAX","JFK","68","12","-4","12"
"DL","SFO","ATL","JFK","-4","-22","-1","-22"
"VX","SFO","LAX","JFK","-3","12","-4","12"
"B6","SFO","FLL","JFK","2","18","7","18"
"DL","SFO","ATL","JFK","8","10","4","10"
"DL","SFO","ATL","JFK","6","-5","-3","-5"
"VX","SFO","LAX","JFK","125","-9","3","-9"
"AA","SFO","MIA","JFK","45","37","30","37"
"DL","SFO","ATL","JFK","76","23","30","23"
"B6","SFO","FLL","JFK","2","37","32","37"
"B6","SFO","BOS","JFK","39","99","107","99"
"B6","SFO","BOS","JFK","39","187","201","187"
"DL","SFO","ATL","JFK","0","20","20","20"
"AA","SFO","MIA","JFK","9","100","117","100"
"VX","SFO","LAX","JFK","2","-1","12","-1"
"VX","SFO","LAX","JFK","86","-1","2","-1"
"VX","SFO","LAS","JFK","121","75","59","75"
"B6","SFO","LGB","JFK","45","125","130","125"
"VX","SFO","LAX","JFK","57","140","127","140"
"B6","SFO","BOS","JFK","126","-12","-1","-12"
"B6","SFO","BOS","JFK","126","-8","1","-8"
"AA","SFO","MIA","JFK","40","-5","13","-5"
"AA","SFO","MIA","JFK","40","-12","6","-12"
"DL","SFO","ATL","JFK","14","-14","-2","-14"
"B6","SFO","FLL","JFK","14","-19","-7","-19"
"B6","SFO","FLL","JFK","14","-7","-7","-7"
"DL","SFO","ATL","JFK","1","-14","-2","-14"
"AA","SFO","MIA","JFK","98","-2","-1","-2"
"DL","SFO","ATL","JFK","11","8","27","8"
"AA","SFO","MIA","JFK","-1","-18","-5","-18"
"VX","SFO","LAX","JFK","9","7","11","7"
"AA","SFO","ORD","JFK","-5","276","287","276"
"B6","SFO","BOS","JFK","-5","-3","1","-3"
"DL","SFO","ATL","JFK","1","7","15","7"
"B6","SFO","FLL","JFK","20","-7","-2","-7"
"B6","SFO","FLL","JFK","20","-7","5","-7"
"VX","SFO","LAX","JFK","12","19","-3","19"
"VX","SFO","LAX","JFK","12","31","41","31"
"AA","SFO","MIA","JFK","-3","9","9","9"
"VX","SFO","LAX","JFK","-6","19","-3","19"
"DL","SFO","DTW","JFK","-4","201","217","201"
"VX","SFO","LAX","JFK","18","9","18","9"
"VX","SFO","LAX","JFK","-3","9","18","9"
"VX","SFO","LAS","JFK","9","-17","0","-17"
"B6","SFO","LGB","JFK","6","31","42","31"
"VX","SFO","LAX","JFK","-6","7","12","7"
"VX","SFO","LAX","JFK","-6","9","18","9"
"VX","SFO","LAX","JFK","1","7","12","7"
"AA","SFO","MIA","JFK","130","-14","-1","-14"
"B6","SFO","FLL","JFK","4","1","-6","1"
"B6","SFO","FLL","JFK","4","-4","-4","-4"
"DL","SFO","ATL","JFK","159","-5","12","-5"
"DL","SFO","ATL","JFK","159","106","114","106"
"DL","SFO","ATL","JFK","7","-13","8","-13"
"AA","SFO","MIA","JFK","-2","-8","2","-8"
"DL","SFO","ATL","JFK","16","-5","13","-5"
"VX","SFO","LAX","JFK","-3","16","48","16"
"DL","SFO","ATL","JFK","6","-5","13","-5"
"B6","SFO","FLL","JFK","-7","-5","11","-5"
"B6","SFO","FLL","JFK","-7","206","226","206"
"AA","SFO","ORD","JFK","-1","9","42","9"
"VX","SFO","LAX","JFK","2","-11","5","-11"
"DL","SFO","DTW","JFK","3","91","104","91"
"DL","SFO","ATL","JFK","1","-3","11","-3"
"AA","SFO","MIA","JFK","-5","95","125","95"
"VX","SFO","LAX","JFK","3","-22","3","-22"
"DL","SFO","ATL","JFK","-5","324","351","324"
"VX","SFO","LAX","JFK","39","-9","14","-9"
"VX","SFO","LAX","JFK","-1","-9","14","-9"
"VX","SFO","LAS","JFK","8","-9","13","-9"
"VX","SFO","LAX","JFK","-3","7","31","7"
"VX","SFO","LAS","JFK","-2","-9","13","-9"
"VX","SFO","LAX","JFK","11","7","31","7"
"B6","SFO","BOS","JFK","141","66","68","66"
"AA","SFO","MIA","JFK","-2","4","1","4"
"B6","SFO","FLL","JFK","25","-14","-4","-14"
"B6","SFO","FLL","JFK","25","-16","-5","-16"
"DL","SFO","ATL","JFK","0","-3","14","-3"
"DL","SFO","ATL","JFK","14","41","58","41"
"AA","SFO","MIA","JFK","-3","10","3","10"
"VX","SFO","LAX","JFK","-3","-23","4","-23"
"VX","SFO","LAX","JFK","0","-23","4","-23"
"B6","SFO","FLL","JFK","27","-5","10","-5"
"B6","SFO","FLL","JFK","27","30","37","30"
"AA","SFO","ORD","JFK","6","69","95","69"
"VX","SFO","LAX","JFK","0","1","3","1"
"DL","SFO","ATL","JFK","3","8","27","8"
"DL","SFO","ATL","JFK","3","148","172","148"
"AA","SFO","MIA","JFK","-8","-17","12","-17"
"VX","SFO","LAX","JFK","-3","-14","-1","-14"
"VX","SFO","LAX","JFK","38","6","16","6"
"VX","SFO","LAX","JFK","26","6","16","6"
"VX","SFO","LAS","JFK","20","-1","23","-1"
"VX","SFO","LAX","JFK","2","-10","26","-10"
"VX","SFO","LAS","JFK","-3","-1","23","-1"
"B6","SFO","BOS","JFK","33","1","2","1"
"AA","SFO","MIA","JFK","3","-20","-7","-20"
"B6","SFO","FLL","JFK","475","2","17","2"
"B6","SFO","FLL","JFK","475","-6","8","-6"
"DL","SFO","ATL","JFK","5","-7","9","-7"
"AA","SFO","ORD","JFK","-2","4","13","4"
"DL","SFO","ATL","JFK","-2","-20","0","-20"
"AA","SFO","MIA","JFK","-2","-5","-2","-5"
"VX","SFO","LAX","JFK","6","-38","-1","-38"
"DL","SFO","ATL","JFK","7","-16","-3","-16"
"DL","SFO","ATL","JFK","-6","-16","-3","-16"
"B6","SFO","FLL","JFK","-4","0","6","0"
"B6","SFO","FLL","JFK","-4","49","57","49"
"AA","SFO","ORD","JFK","-7","-35","-3","-35"
"VX","SFO","LAX","JFK","-4","-31","-2","-31"
"DL","SFO","ATL","JFK","-4","-16","3","-16"
"VX","SFO","LAX","JFK","29","122","145","122"
"AA","SFO","CLT","JFK","-2","24","2","24"
"AA","SFO","PHX","JFK","-4","0","1","0"
"AA","SFO","LAX","JFK","0","0","-5","0"
"AA","SFO","LAX","JFK","0","0","10","0"
"DL","SFO","LAX","JFK","114","22","35","22"
"AA","SFO","PHX","JFK","4","3","-1","3"
"DL","SFO","LAX","JFK","-4","22","35","22"
"AA","SFO","CLT","JFK","22","6","14","6"
"DL","SFO","LAX","JFK","-6","51","72","51"
"AA","SFO","PHX","JFK","3","11","9","11"
"DL","SFO","MSP","JFK","-2","57","69","57"
"AA","SFO","CLT","JFK","1","6","14","6"
"AS","SFO","SEA","JFK","0","-25","8","-25"
"AA","SFO","PHX","JFK","-4","-12","3","-12"
"B6","SFO","LAS","JFK","-10","6","0","6"
"DL","SFO","LAX","JFK","99","24","12","24"
"AS","SFO","SEA","JFK","-6","-25","8","-25"
"AA","SFO","LAX","JFK","-4","-4","7","-4"
"AA","SFO","LAX","JFK","-4","-11","-3","-11"
"DL","SFO","LAX","JFK","93","70","36","70"
"AA","SFO","CLT","JFK","5","-4","5","-4"
"AA","SFO","DFW","JFK","0","78","86","78"
"DL","SFO","LAX","JFK","-1","-31","6","-31"
"AA","SFO","PHX","JFK","-3","-16","-1","-16"
"AA","SFO","DFW","JFK","6","78","86","78"
"DL","SFO","LAX","JFK","-2","-11","-1","-11"
"B6","SFO","LAS","JFK","1","-33","-10","-33"
"AA","SFO","PHX","JFK","-5","-5","10","-5"
"DL","SFO","LAX","JFK","-4","16","-5","16"
"DL","SFO","LAX","JFK","-4","-33","-1","-33"
"AA","SFO","CLT","JFK","35","0","3","0"
"DL","SFO","LAX","JFK","13","-12","0","-12"
"AA","SFO","LAX","JFK","74","-15","-2","-15"
"AA","SFO","PHX","JFK","16","-15","3","-15"
"B6","SFO","LAS","JFK","-1","-11","-1","-11"
"DL","SFO","LAX","JFK","28","-26","-1","-26"
"AA","SFO","LAX","JFK","-3","-15","-2","-15"
"AA","SFO","LAX","JFK","10","-7","-4","-7"
"AA","SFO","CLT","JFK","-5","29","33","29"
"AA","SFO","CLT","JFK","-1","2","6","2"
"DL","SFO","LAX","JFK","10","-20","0","-20"
"AA","SFO","LAX","JFK","-3","-33","-3","-33"
"DL","SFO","LAX","JFK","-5","-19","3","-19"
"B6","SFO","LAS","JFK","2","-8","6","-8"
"DL","SFO","LAX","JFK","-3","-15","0","-15"
"DL","SFO","LAX","JFK","-3","-15","1","-15"
"AA","SFO","DFW","JFK","-2","-24","2","-24"
"AA","SFO","CLT","JFK","-3","49","51","49"
"AA","SFO","PHX","JFK","1","-26","-3","-26"
"AA","SFO","CLT","JFK","-3","19","7","19"
"DL","SFO","LAX","JFK","14","-4","22","-4"
"AA","SFO","LAX","JFK","-4","18","42","18"
"DL","SFO","SLC","JFK","295","-11","2","-11"
"B6","SFO","LAS","JFK","10","-15","6","-15"
"DL","SFO","LAX","JFK","11","15","35","15"
"AS","SFO","SEA","JFK","-6","-17","3","-17"
"AA","SFO","LAX","JFK","96","2","-5","2"
"AA","SFO","LAX","JFK","-1","2","-5","2"
"DL","SFO","LAX","JFK","374","-36","-3","-36"
"AA","SFO","CLT","JFK","-2","-5","-1","-5"
"AA","SFO","CLT","JFK","-5","24","27","24"
"AA","SFO","DFW","JFK","13","-13","-3","-13"
"DL","SFO","LAX","JFK","3","-27","7","-27"
"AA","SFO","PHX","JFK","-3","-27","2","-27"
"AA","SFO","LAX","JFK","-2","-36","3","-36"
"AA","SFO","LAX","JFK","-2","-19","-4","-19"
"AA","SFO","PHX","JFK","-7","15","31","15"
"DL","SFO","LAX","JFK","0","-36","0","-36"
"AA","SFO","DFW","JFK","-5","-19","-2","-19"
"AA","SFO","CLT","JFK","7","12","17","12"
"DL","SFO","LAX","JFK","72","-20","10","-20"
"AA","SFO","PHX","JFK","-7","4","41","4"
"B6","SFO","LAS","JFK","-1","179","215","179"
"AA","SFO","PHX","JFK","48","-4","28","-4"
"DL","SFO","LAX","JFK","79","2","42","2"
"AA","SFO","LAX","JFK","-5","-27","25","-27"
"AA","SFO","LAX","JFK","-5","4","21","4"
"AS","SFO","SEA","JFK","-2","86","111","86"
"AA","SFO","CLT","JFK","-1","-16","-5","-16"
"AA","SFO","CLT","JFK","8","-9","4","-9"
"AA","SFO","DFW","JFK","5","-32","-1","-32"
"AA","SFO","PHX","JFK","-6","3","58","3"
"DL","SFO","LAX","JFK","-1","-16","29","-16"
"B6","SFO","LAS","JFK","-8","-37","0","-37"
"AA","SFO","PHX","JFK","-4","-5","38","-5"
"DL","SFO","LAX","JFK","46","-38","-1","-38"
"AA","SFO","DFW","JFK","-4","-10","1","-10"
"AA","SFO","CLT","JFK","3","1","3","1"
"DL","SFO","LAX","JFK","-9","-38","-1","-38"
"AA","SFO","PHX","JFK","-3","-41","1","-41"
"AS","SFO","SEA","JFK","88","-30","-8","-30"
"B6","SFO","LAS","JFK","12","-35","-5","-35"
"AA","SFO","ORD","JFK","-5","-16","0","-16"
"VX","SFO","LAX","JFK","24","2","20","2"
"VX","SFO","LAX","JFK","42","2","20","2"
"VX","SFO","LAX","JFK","35","-2","5","-2"
"VX","SFO","LAX","JFK","78","14","28","14"
"VX","SFO","LAX","JFK","34","14","28","14"
"B6","SFO","BOS","JFK","76","-7","0","-7"
"AA","SFO","MIA","JFK","4","-5","-7","-5"
"DL","SFO","ATL","JFK","68","-18","0","-18"
"B6","SFO","FLL","JFK","178","22","6","22"
"DL","SFO","ATL","JFK","14","-18","0","-18"
"AA","SFO","ORD","JFK","0","-9","2","-9"
"DL","SFO","ATL","JFK","6","-28","0","-28"
"AA","SFO","MIA","JFK","19","3","-3","3"
"VX","SFO","LAX","JFK","-3","-3","8","-3"
"DL","SFO","ATL","JFK","-2","-14","0","-14"
"VX","SFO","LAX","JFK","0","-3","8","-3"
"B6","SFO","BOS","JFK","-3","-8","1","-8"
"DL","SFO","ATL","JFK","8","-14","0","-14"
"AA","SFO","ORD","JFK","18","21","23","21"
"AA","SFO","MIA","JFK","-2","-11","12","-11"
"VX","SFO","LAX","JFK","-1","-5","-7","-5"
"VX","SFO","LAX","JFK","130","66","54","66"
"VX","SFO","LAS","JFK","5","97","79","97"
"VX","SFO","LAX","JFK","17","66","54","66"
"B6","SFO","BOS","JFK","177","-13","-7","-13"
"AA","SFO","MIA","JFK","39","-5","-10","-5"
"DL","SFO","ATL","JFK","156","-18","-1","-18"
"B6","SFO","FLL","JFK","306","55","48","55"
"DL","SFO","ATL","JFK","57","-9","3","-9"
"DL","SFO","ATL","JFK","6","24","23","24"
"AA","SFO","MIA","JFK","-5","68","31","68"
"B6","SFO","BOS","JFK","-3","20","31","20"
"DL","SFO","ATL","JFK","3","6","22","6"
"AA","SFO","ORD","JFK","25","38","-2","38"
"B6","SFO","FLL","JFK","87","27","33","27"
"AA","SFO","ORD","JFK","1","38","-2","38"
"VX","SFO","LAX","JFK","47","42","62","42"
"DL","SFO","ATL","JFK","12","16","14","16"
"VX","SFO","LAX","JFK","0","58","76","58"
"VX","SFO","LAX","JFK","73","105","71","105"
"VX","SFO","LAX","JFK","73","27","23","27"
"VX","SFO","LAX","JFK","73","105","71","105"
"VX","SFO","LAX","JFK","2","27","23","27"
"VX","SFO","LAX","JFK","2","105","71","105"
"B6","SFO","BOS","JFK","28","-8","-5","-8"
"AA","SFO","MIA","JFK","2","-9","2","-9"
"B6","SFO","FLL","JFK","193","24","33","24"
"DL","SFO","ATL","JFK","-5","-13","-2","-13"
"DL","SFO","ATL","JFK","1","-16","-1","-16"
"AA","SFO","ORD","JFK","-1","28","18","28"
"AA","SFO","MIA","JFK","7","73","57","73"
"DL","SFO","ATL","JFK","31","-15","3","-15"
"VX","SFO","LAX","JFK","-4","91","85","91"
"VX","SFO","LAX","JFK","1","91","85","91"
"AA","SFO","ORD","JFK","9","108","8","108"
"B6","SFO","FLL","JFK","169","105","75","105"
"VX","SFO","LAX","JFK","5","1","2","1"
"DL","SFO","DTW","JFK","9","176","128","176"
"B6","SFO","BOS","JFK","101","204","195","204"
"B6","SFO","BOS","JFK","101","260","265","260"
"DL","SFO","ATL","JFK","-2","129","59","129"
"AA","SFO","MIA","JFK","-4","61","50","61"
"VX","SFO","LAX","JFK","-2","57","45","57"
"VX","SFO","LAX","JFK","36","13","32","13"
"VX","SFO","LAX","JFK","2","13","32","13"
"VX","SFO","LAS","JFK","8","14","4","14"
"VX","SFO","LAX","JFK","-2","8","18","8"
"VX","SFO","LAX","JFK","-2","13","32","13"
"B6","SFO","BOS","JFK","37","-4","-4","-4"
"AA","SFO","MIA","JFK","12","-1","-5","-1"
"B6","SFO","FLL","JFK","14","3","-1","3"
"B6","SFO","FLL","JFK","14","-1","-5","-1"
"DL","SFO","ATL","JFK","-3","95","26","95"
"DL","SFO","ATL","JFK","3","101","114","101"
"AA","SFO","MIA","JFK","71","21","22","21"
"DL","SFO","DTW","JFK","10","-16","-4","-16"
"VX","SFO","LAX","JFK","18","-45","-3","-45"
"DL","SFO","ATL","JFK","-2","101","114","101"
"AA","SFO","ORD","JFK","6","153","177","153"
"AA","SFO","ORD","JFK","5","-17","0","-17"
"B6","SFO","FLL","JFK","50","-6","-1","-6"
"B6","SFO","FLL","JFK","50","-5","7","-5"
"B6","SFO","FLL","JFK","50","150","141","150"
"AA","SFO","ORD","JFK","9","-17","0","-17"
"DL","SFO","ATL","JFK","66","60","78","60"
"VX","SFO","LAX","JFK","11","-15","10","-15"
"VX","SFO","LAX","JFK","15","-8","6","-8"
"VX","SFO","LAX","JFK","61","-8","6","-8"
"B6","SFO","BOS","JFK","26","-5","-1","-5"
"AA","SFO","MIA","JFK","61","-15","-4","-15"
"B6","SFO","FLL","JFK","-2","-15","-2","-15"
"DL","SFO","ATL","JFK","82","-17","0","-17"
"AA","SFO","ORD","JFK","5","-20","0","-20"
"DL","SFO","ATL","JFK","9","-14","1","-14"
"DL","SFO","ATL","JFK","9","425","429","425"
"AA","SFO","MIA","JFK","5","-14","-7","-14"
"DL","SFO","DTW","JFK","-5","-4","0","-4"
"VX","SFO","LAX","JFK","3","-35","0","-35"
"DL","SFO","ATL","JFK","10","-14","3","-14"
"VX","SFO","LAX","JFK","-2","-35","0","-35"
"B6","SFO","BOS","JFK","-3","-7","6","-7"
"DL","SFO","ATL","JFK","15","-14","3","-14"
"AA","SFO","ORD","JFK","-3","-15","-2","-15"
"B6","SFO","FLL","JFK","-2","-17","-9","-17"
"AA","SFO","ORD","JFK","-3","-15","-2","-15"
"AA","SFO","MIA","JFK","-2","-28","-4","-28"
"VX","SFO","LAX","JFK","-1","-20","2","-20"
"VX","SFO","LAX","JFK","25","-33","-3","-33"
"VX","SFO","LAX","JFK","-1","-33","-3","-33"
"VX","SFO","LAS","JFK","-3","-36","-8","-36"
"VX","SFO","LAX","JFK","-5","-11","0","-11"
"VX","SFO","LAX","JFK","6","-11","0","-11"
"B6","SFO","BOS","JFK","4","6","9","6"
"AA","SFO","MIA","JFK","0","-17","-4","-17"
"B6","SFO","FLL","JFK","-3","-15","-6","-15"
"B6","SFO","FLL","JFK","-3","-4","0","-4"
"DL","SFO","ATL","JFK","-5","9","14","9"
"VX","SFO","LAX","JFK","-1","3","4","3"
"DL","SFO","ATL","JFK","36","-6","-1","-6"
"VX","SFO","LAX","JFK","0","3","4","3"
"B6","SFO","FLL","JFK","1","12","12","12"
"B6","SFO","FLL","JFK","1","21","22","21"
"VX","SFO","LAX","JFK","-4","7","1","7"
"DL","SFO","ATL","JFK","0","-9","8","-9"
"VX","SFO","LAX","JFK","0","20","1","20"
"VX","SFO","LAX","JFK","0","29","39","29"
"VX","SFO","LAS","JFK","10","-10","-5","-10"
"B6","SFO","LGB","JFK","-6","19","11","19"
"VX","SFO","LAX","JFK","36","8","8","8"
"B6","SFO","BOS","JFK","20","8","1","8"
"AA","SFO","MIA","JFK","-2","9","0","9"
"DL","SFO","ATL","JFK","5","10","4","10"
"AS","SFO","SEA","JFK","11","-45","6","-45"
"B6","SFO","LAS","JFK","33","19","3","19"
"AS","SFO","SEA","JFK","-8","-45","6","-45"
"AA","SFO","LAX","JFK","-7","-15","-5","-15"
"AA","SFO","LAX","JFK","-7","4","-6","4"
"DL","SFO","LAX","JFK","-2","-10","-4","-10"
"DL","SFO","LAX","JFK","-2","108","109","108"
"AA","SFO","LAX","JFK","-5","6","3","6"
"AA","SFO","LAX","JFK","-5","-15","-5","-15"
"DL","SFO","LAX","JFK","-5","-10","-4","-10"
"DL","SFO","LAX","JFK","-5","108","109","108"
"AA","SFO","CLT","JFK","-11","-16","-4","-16"
"DL","SFO","MSP","JFK","-6","-7","-3","-7"
"AA","SFO","CLT","JFK","-9","-16","-3","-16"
"AA","SFO","DFW","JFK","-8","15","0","15"
"AA","SFO","PHX","JFK","-7","9","-3","9"
"AA","SFO","LAX","JFK","-7","-13","-4","-13"
"DL","SFO","LAX","JFK","-2","12","3","12"
"DL","SFO","LAX","JFK","3","12","3","12"
"AA","SFO","PHX","JFK","-6","27","10","27"
"AA","SFO","LAX","JFK","14","-10","-3","-10"
"AA","SFO","LAX","JFK","14","23","22","23"
"AA","SFO","DFW","JFK","0","-15","-4","-15"
"DL","SFO","LAX","JFK","-3","4","-1","4"
"AA","SFO","CLT","JFK","-10","1","0","1"
"DL","SFO","LAX","JFK","-6","12","-4","12"
"AA","SFO","PHX","JFK","-1","-6","-6","-6"
"AA","SFO","LAX","JFK","34","60","73","60"
"B6","SFO","LAS","JFK","44","27","0","27"
"AS","SFO","SEA","JFK","30","-6","27","-6"
"AA","SFO","LAX","JFK","-3","-20","-9","-20"
"AA","SFO","LAX","JFK","-3","9","-2","9"
"DL","SFO","LAX","JFK","-3","-2","-3","-2"
"AA","SFO","LAX","JFK","-5","-2","-6","-2"
"AA","SFO","LAX","JFK","-5","-20","-9","-20"
"DL","SFO","LAX","JFK","-3","-2","-3","-2"
"AA","SFO","LAX","JFK","-8","-2","-6","-2"
"AA","SFO","CLT","JFK","-5","-21","-7","-21"
"AA","SFO","DFW","JFK","-7","-4","4","-4"
"AA","SFO","PHX","JFK","-4","-3","-4","-3"
"AA","SFO","LAX","JFK","44","-25","-7","-25"
"AA","SFO","LAX","JFK","44","23","34","23"
"B6","SFO","LAS","JFK","-5","-12","-3","-12"
"DL","SFO","LAX","JFK","0","32","40","32"
"DL","SFO","LAX","JFK","11","32","40","32"
"AA","SFO","PHX","JFK","-12","6","-1","6"
"AA","SFO","LAX","JFK","-1","-18","-8","-18"
"AA","SFO","LAX","JFK","-1","-10","-2","-10"
"AA","SFO","DFW","JFK","-2","-12","-4","-12"
"DL","SFO","LAX","JFK","23","-8","-9","-8"
"AA","SFO","CLT","JFK","2","-9","-6","-9"
"DL","SFO","LAX","JFK","8","4","-1","4"
"AA","SFO","PHX","JFK","-7","13","10","13"
"AA","SFO","CLT","JFK","-8","-9","-6","-9"
"AA","SFO","PHX","JFK","-7","-1","2","-1"
"AS","SFO","SEA","JFK","16","-26","5","-26"
"AA","SFO","LAX","JFK","30","-22","-3","-22"
"AA","SFO","LAX","JFK","30","4","-5","4"
"DL","SFO","LAX","JFK","25","16","27","16"
"AA","SFO","LAX","JFK","14","29","18","29"
"AA","SFO","CLT","JFK","0","-13","-4","-13"
"DL","SFO","MSP","JFK","-4","-28","-3","-28"
"AA","SFO","CLT","JFK","-8","6","8","6"
"AA","SFO","DFW","JFK","-7","-12","0","-12"
"AA","SFO","PHX","JFK","-5","-17","-3","-17"
"DL","SFO","LAX","JFK","2","-13","6","-13"
"DL","SFO","LAX","JFK","131","-24","5","-24"
"AA","SFO","PHX","JFK","-7","8","-2","8"
"AA","SFO","LAX","JFK","-4","-22","-7","-22"
"AA","SFO","LAX","JFK","-4","-7","3","-7"
"AA","SFO","DFW","JFK","-5","1","-3","1"
"AA","SFO","CLT","JFK","0","-5","-2","-5"
"DL","SFO","LAX","JFK","39","-24","5","-24"
"AA","SFO","PHX","JFK","-4","-29","-5","-29"
"AA","SFO","CLT","JFK","19","-5","-2","-5"
"AS","SFO","SEA","JFK","-9","-20","-2","-20"
"B6","SFO","LAS","JFK","45","-27","-2","-27"
"AA","SFO","LAX","JFK","25","35","40","35"
"AA","SFO","LAX","JFK","25","-15","4","-15"
"AA","SFO","LAX","JFK","2","22","-7","22"
"AA","SFO","LAX","JFK","2","35","40","35"
"DL","SFO","LAX","JFK","2","6","4","6"
"DL","SFO","LAX","JFK","2","-16","1","-16"
"AA","SFO","LAX","JFK","-3","22","-7","22"
"AA","SFO","LAX","JFK","-3","35","40","35"
"AA","SFO","CLT","JFK","0","11","1","11"
"DL","SFO","MSP","JFK","7","-15","-3","-15"
"AA","SFO","CLT","JFK","13","-2","1","-2"
"AA","SFO","DFW","JFK","-3","3","4","3"
"AA","SFO","PHX","JFK","-3","15","1","15"
"DL","SFO","MSP","JFK","178","-37","-9","-37"
"DL","SFO","LAX","JFK","221","-36","-4","-36"
"DL","SFO","LAX","JFK","17","6","39","6"
"AA","SFO","PHX","JFK","99","-19","-2","-19"
"AA","SFO","LAX","JFK","62","7","22","7"
"DL","SFO","LAX","JFK","2","-44","-8","-44"
"AA","SFO","CLT","JFK","-9","15","-1","15"
"DL","SFO","LAX","JFK","-5","-36","-4","-36"
"AA","SFO","PHX","JFK","2","-19","-2","-19"
"AA","SFO","CLT","JFK","-3","1","-2","1"
"AS","SFO","SEA","JFK","-12","-46","-1","-46"
"AA","SFO","PHX","JFK","-6","-30","-1","-30"
"B6","SFO","LAS","JFK","75","3","25","3"
"AS","SFO","SEA","JFK","-2","-46","-1","-46"
"AA","SFO","LAX","JFK","3","-15","-2","-15"
"AA","SFO","LAX","JFK","3","-17","-1","-17"
"DL","SFO","LAX","JFK","-4","-6","-2","-6"
"DL","SFO","LAX","JFK","-4","-27","0","-27"
"DL","SFO","LAX","JFK","17","0","19","0"
"DL","SFO","LAX","JFK","17","-6","-2","-6"
"AA","SFO","LAX","JFK","6","-15","-1","-15"
"DL","SFO","MSP","JFK","-9","-21","-3","-21"
"AA","SFO","CLT","JFK","-5","10","4","10"
"AA","SFO","DFW","JFK","-7","-19","4","-19"
"AA","SFO","PHX","JFK","2","-22","10","-22"
"AA","SFO","LAX","JFK","-5","-20","-3","-20"
"B6","SFO","LAS","JFK","-7","-24","-2","-24"
"DL","SFO","LAX","JFK","-2","-7","3","-7"
"AA","SFO","PHX","JFK","-8","-43","-3","-43"
"AA","SFO","LAX","JFK","5","-7","-4","-7"
"AA","SFO","LAX","JFK","5","-12","-2","-12"
"AA","SFO","DFW","JFK","-5","-8","4","-8"
"AA","SFO","PHX","JFK","-5","-22","-6","-22"
"AA","SFO","CLT","JFK","-7","1","0","1"
"B6","SFO","LAS","JFK","25","19","2","19"
"AS","SFO","SEA","JFK","-5","-30","10","-30"
"AA","SFO","LAX","JFK","-1","-21","-6","-21"
"AA","SFO","LAX","JFK","-1","4","-5","4"
"AA","SFO","LAX","JFK","-6","-15","-8","-15"
"AA","SFO","LAX","JFK","-6","-21","-6","-21"
"AA","SFO","LAX","JFK","17","-15","-8","-15"
"AA","SFO","DFW","JFK","-5","-1","5","-1"
"AA","SFO","PHX","JFK","118","-14","-5","-14"
"B6","SFO","LAS","JFK","-5","-17","-5","-17"
"DL","SFO","LAX","JFK","-3","5","17","5"
"HA","SFO","HNL","JFK","3","-13","-5","-13"
"AA","SFO","CLT","JFK","0","29","7","29"
"DL","SFO","LAX","JFK","13","-21","-3","-21"
"AA","SFO","PHX","JFK","-3","-16","-5","-16"
"DL","SFO","LAX","JFK","22","-21","-3","-21"
"AA","SFO","CLT","JFK","27","8","15","8"
"DL","SFO","LAX","JFK","78","10","36","10"
"AA","SFO","PHX","JFK","70","-15","-1","-15"
"DL","SFO","LAX","JFK","94","-6","14","-6"
"AS","SFO","SEA","JFK","11","-18","-3","-18"
"DL","SFO","LAX","JFK","22","-6","14","-6"
"AA","SFO","PHX","JFK","22","-15","-1","-15"
"B6","SFO","LAS","JFK","143","13","7","13"
"AS","SFO","SEA","JFK","-12","-18","-3","-18"
"AA","SFO","LAX","JFK","3","-26","0","-26"
"AA","SFO","LAX","JFK","3","-25","-5","-25"
"AA","SFO","LAX","JFK","68","-7","-5","-7"
"DL","SFO","LAX","JFK","91","-9","0","-9"
"AA","SFO","LAX","JFK","4","-7","-5","-7"
"AA","SFO","CLT","JFK","-1","13","14","13"
"DL","SFO","MSP","JFK","23","0","-4","0"
"AA","SFO","CLT","JFK","-5","5","0","5"
"AA","SFO","DFW","JFK","-3","1","14","1"
"AA","SFO","PHX","JFK","0","-20","4","-20"
"DL","SFO","MSP","JFK","-1","-18","0","-18"
"AA","SFO","CLT","JFK","-2","-7","-1","-7"
"AA","SFO","DFW","JFK","-7","63","46","63"
"AA","SFO","PHX","JFK","-13","32","44","32"
"DL","SFO","SLC","JFK","-6","0","-2","0"
"AA","SFO","LAX","JFK","-8","-11","8","-11"
"DL","SFO","LAX","JFK","-3","-15","9","-15"
"AA","SFO","PHX","JFK","-6","61","80","61"
"AA","SFO","LAX","JFK","-5","10","16","10"
"AA","SFO","LAX","JFK","-5","2","18","2"
"AA","SFO","DFW","JFK","15","21","21","21"
"DL","SFO","LAX","JFK","13","-23","7","-23"
"AA","SFO","CLT","JFK","-8","32","5","32"
"DL","SFO","LAX","JFK","-3","-6","-3","-6"
"DL","SFO","LAX","JFK","-3","-23","7","-23"
"AA","SFO","PHX","JFK","-5","-25","-3","-25"
"AA","SFO","PHX","JFK","-7","-16","0","-16"
"AS","SFO","SEA","JFK","-11","-2","-3","-2"
"AA","SFO","LAX","JFK","-5","6","-8","6"
"DL","SFO","LAX","JFK","-4","-15","-2","-15"
"DL","SFO","LAX","JFK","-4","-26","1","-26"
"AA","SFO","LAX","JFK","-6","29","-5","29"
"AA","SFO","LAX","JFK","-6","32","32","32"
"DL","SFO","LAX","JFK","-1","-15","-2","-15"
"AA","SFO","LAX","JFK","-6","29","-5","29"
"AA","SFO","LAX","JFK","-6","32","32","32"
"AA","SFO","CLT","JFK","-2","-20","-3","-20"
"AA","SFO","CLT","JFK","-7","-14","-2","-14"
"AA","SFO","DFW","JFK","-8",,"3",
"AA","SFO","PHX","JFK","-6","2","4","2"
"AA","SFO","LAX","JFK","-5","1","-3","1"
"B6","SFO","LAS","JFK","-4","9","5","9"
"DL","SFO","LAX","JFK","-5","7","15","7"
"DL","SFO","LAX","JFK","-2","7","15","7"
"AA","SFO","PHX","JFK","-7","40","14","40"
"AA","SFO","LAX","JFK","-6","20","-7","20"
"AA","SFO","DFW","JFK","-6","17","-1","17"
"DL","SFO","LAX","JFK","26","7","-2","7"
"AA","SFO","CLT","JFK","-5","17","8","17"
"DL","SFO","LAX","JFK","-3","-4","-1","-4"
"AA","SFO","PHX","JFK","0","4","0","4"
"AA","SFO","CLT","JFK","12","2","13","2"
"AA","SFO","LAX","JFK","0","235","256","235"
"DL","SFO","LAX","JFK","133","-1","4","-1"
"AA","SFO","PHX","JFK","-9","-9","4","-9"
"AS","SFO","SEA","JFK","-8","-11","8","-11"
"AA","SFO","LAX","JFK","-6","4","-5","4"
"AA","SFO","LAX","JFK","-6","4","-10","4"
"DL","SFO","LAX","JFK","28","-6","-2","-6"
"AA","SFO","LAX","JFK","-6","4","-5","4"
"AA","SFO","CLT","JFK","-3","-27","-1","-27"
"DL","SFO","MSP","JFK","-5","-7","-5","-7"
"AA","SFO","CLT","JFK","6","-10","8","-10"
"AA","SFO","DFW","JFK","8","50","53","50"
"AA","SFO","PHX","JFK","-10","0","4","0"
"DL","SFO","LAX","JFK","-4","1","4","1"
"AA","SFO","LAX","JFK","-7","-18","-5","-18"
"AA","SFO","LAX","JFK","-7","34","45","34"
"B6","SFO","LAS","JFK","-5","3","-2","3"
"DL","SFO","LAX","JFK","-6","1","4","1"
"AA","SFO","LAX","JFK","-4","-9","-4","-9"
"AA","SFO","LAX","JFK","-4","-10","-5","-10"
"AA","SFO","CLT","JFK","80","-9","2","-9"
"AA","SFO","PHX","JFK","12","-1","-1","-1"
"DL","SFO","LAX","JFK","147","4","14","4"
"DL","SFO","LAX","JFK","147","-13","-2","-13"
"AS","SFO","SEA","JFK","35","-8","-3","-8"
"DL","SFO","LAX","JFK","90","-13","-2","-13"
"AA","SFO","PHX","JFK","4","14","9","14"
"B6","SFO","LAS","JFK","98","25","17","25"
"AA","SFO","LAX","JFK","111","-5","-1","-5"
"DL","SFO","LAX","JFK","89","-15","0","-15"
"DL","SFO","LAX","JFK","89","4","14","4"
"AA","SFO","LAX","JFK","100","-5","-1","-5"
"AA","SFO","LAX","JFK","26","-5","-1","-5"
"AA","SFO","CLT","JFK","0","-14","-4","-14"
"AA","SFO","CLT","JFK","0","-2","0","-2"
"AA","SFO","CLT","JFK","0","-14","-4","-14"
"AA","SFO","DFW","JFK","-4","-20","0","-20"
"AA","SFO","PHX","JFK","-8","24","0","24"
"AA","SFO","LAX","JFK","-1","56","58","56"
"B6","SFO","LAS","JFK","-1","-3","0","-3"
"DL","SFO","LAX","JFK","47","-9","-2","-9"
"DL","SFO","LAX","JFK","-5","-9","-2","-9"
"AA","SFO","PHX","JFK","17","-11","-4","-11"
"AA","SFO","LAX","JFK","-4","-13","-6","-13"
"AA","SFO","LAX","JFK","-4","10","28","10"
"AA","SFO","DFW","JFK","-4","-2","-1","-2"
"DL","SFO","LAX","JFK","-2","1","33","1"
"AA","SFO","CLT","JFK","-4","29","-2","29"
"DL","SFO","LAX","JFK","-1","-22","-7","-22"
"DL","SFO","LAX","JFK","-1","1","33","1"
"AA","SFO","PHX","JFK","-7","4","-7","4"
"AS","SFO","SEA","JFK","-5","-16","-9","-16"
"DL","SFO","LAX","JFK","19","16","-5","16"
"AA","SFO","PHX","JFK","-5","-5","-4","-5"
"B6","SFO","LAS","JFK","15","-5","-6","-5"
"AS","SFO","SEA","JFK","-15","-16","-9","-16"
"AA","SFO","LAX","JFK","-2","4","17","4"
"AA","SFO","LAX","JFK","-2","13","-6","13"
"DL","SFO","LAX","JFK","10","-8","-7","-8"
"AA","SFO","LAX","JFK","2","-9","-4","-9"
"AA","SFO","LAX","JFK","2","4","17","4"
"DL","SFO","LAX","JFK","2","-9","-9","-9"
"DL","SFO","LAX","JFK","2","-8","-7","-8"
"AA","SFO","LAX","JFK","-5","-9","-4","-9"
"DL","SFO","LAX","JFK","16","-9","-9","-9"
"DL","SFO","MSP","JFK","-4","-11","2","-11"
"AA","SFO","CLT","JFK","-5","-11","2","-11"
"AA","SFO","DFW","JFK","-7","9","19","9"
"AA","SFO","PHX","JFK","-6","-4","-8","-4"
"AA","SFO","LAX","JFK","-6","-11","-6","-11"
"B6","SFO","LAS","JFK","1","0","-2","0"
"DL","SFO","LAX","JFK","-4","16","-3","16"
"AA","SFO","PHX","JFK","-14","1","-3","1"
"AA","SFO","LAX","JFK","-4","14","4","14"
"AA","SFO","LAX","JFK","-4","-2","-5","-2"
"AA","SFO","DFW","JFK","-7","6","-3","6"
"DL","SFO","LAX","JFK","2","47","64","47"
"AA","SFO","PHX","JFK","-6","-7","-7","-7"
"AA","SFO","CLT","JFK","11","7","3","7"
"AS","SFO","SEA","JFK","-4","-23","0","-23"
"B6","SFO","LAS","JFK","7","-12","-7","-12"
"AS","SFO","SEA","JFK","-16","-23","0","-23"
"AA","SFO","LAX","JFK","-9","-9","-5","-9"
"AA","SFO","LAX","JFK","-10","-13","-10","-13"
"AA","SFO","LAX","JFK","-10","8","13","8"
"AA","SFO","LAX","JFK","-3","-13","-10","-13"
"AA","SFO","LAX","JFK","-3","8","13","8"
"AA","SFO","DFW","JFK","-7","-20","-4","-20"
"AA","SFO","PHX","JFK","-4","12","9","12"
"AA","SFO","LAX","JFK","77","-7","-5","-7"
"B6","SFO","LAS","JFK","24","-5","2","-5"
"DL","SFO","LAX","JFK","-1","-4","9","-4"
"DL","SFO","LAX","JFK","-3","-4","9","-4"
"AA","SFO","PHX","JFK","18","6","-1","6"
"AA","SFO","DFW","JFK","-3","-8","-4","-8"
"AA","SFO","PHX","JFK","-3","-1","2","-1"
"DL","SFO","LAX","JFK","88","-2","-1","-2"
"AA","SFO","CLT","JFK","16","-4","-5","-4"
"DL","SFO","LAX","JFK","58","-2","-1","-2"
"AS","SFO","SEA","JFK","58","-15","6","-15"
"DL","SFO","LAX","JFK","3","7","-6","7"
"AA","SFO","PHX","JFK","8","-8","-1","-8"
"B6","SFO","LAS","JFK","62","-11","-2","-11"
"AS","SFO","SEA","JFK","18","-15","6","-15"
"AA","SFO","LAX","JFK","45","5","-6","5"
"AA","SFO","LAX","JFK","45","10","-7","10"
"DL","SFO","LAX","JFK","43","3","-6","3"
"DL","SFO","LAX","JFK","43","-5","-3","-5"
"AA","SFO","LAX","JFK","-2","5","-6","5"
"AA","SFO","LAX","JFK","-2","10","-7","10"
"DL","SFO","LAX","JFK","12","3","-6","3"
"DL","SFO","LAX","JFK","12","-5","-3","-5"
"AA","SFO","LAX","JFK","21","5","-6","5"
"AA","SFO","CLT","JFK","-5","41","30","41"
"DL","SFO","MSP","JFK","-3","-6","-2","-6"
"AA","SFO","CLT","JFK","-10","-7","3","-7"
"AA","SFO","DFW","JFK","-6","-1","2","-1"
"AA","SFO","PHX","JFK","3","2","-4","2"
"AA","SFO","LAX","JFK","-4","9","-3","9"
"DL","SFO","LAX","JFK","39","18","4","18"
"AA","SFO","PHX","JFK","-5","13","1","13"
"AA","SFO","LAX","JFK","41","-3","-8","-3"
"AA","SFO","DFW","JFK","0","3","-4","3"
"DL","SFO","LAX","JFK","-2","-9","-11","-9"
"DL","SFO","LAX","JFK","18","-4","-11","-4"
"AA","SFO","PHX","JFK","-7","3","-1","3"
"AA","SFO","LAX","JFK","-8","-22","-5","-22"
"DL","SFO","LAX","JFK","108","-10","13","-10"
"B6","SFO","LAS","JFK","-6","-21","4","-21"
"DL","SFO","LAX","JFK","39","-10","13","-10"
"DL","SFO","LAX","JFK","0","-10","13","-10"
"AA","SFO","PHX","JFK","-5","78","33","78"
"AA","SFO","DFW","JFK","-1","16","9","16"
"DL","SFO","LAX","JFK","2","-4","10","-4"
"AA","SFO","CLT","JFK","0","27","9","27"
"DL","SFO","LAX","JFK","0","-30","0","-30"
"AS","SFO","SEA","JFK","-16","-21","-2","-21"
"DL","SFO","LAX","JFK","60","-31","0","-31"
"AS","SFO","SEA","JFK","-17","-21","-2","-21"
"AA","SFO","LAX","JFK","-14","-40","-2","-40"
"AA","SFO","LAX","JFK","-14","6","15","6"
"DL","SFO","LAX","JFK","-3","-35","-1","-35"
"AA","SFO","LAX","JFK","-6","3","33","3"
"AA","SFO","LAX","JFK","-6","-40","-2","-40"
"DL","SFO","LAX","JFK","4","-39","1","-39"
"DL","SFO","LAX","JFK","4","-35","-1","-35"
"AA","SFO","LAX","JFK","-8","3","33","3"
"AA","SFO","CLT","JFK","-5","-23","-4","-23"
"DL","SFO","MSP","JFK","0","-27","-4","-27"
"AA","SFO","CLT","JFK","-3","7","-2","7"
"AA","SFO","PHX","JFK","-5","-34","-1","-34"
"AA","SFO","LAX","JFK","1","-34","-7","-34"
"B6","SFO","LAS","JFK","-7","-14","7","-14"
"DL","SFO","LAX","JFK","5","-19","5","-19"
"DL","SFO","LAX","JFK","-2","-19","5","-19"
"AA","SFO","PHX","JFK","-1","-43","-4","-43"
"AA","SFO","LAX","JFK","-7","-31","-4","-31"
"AA","SFO","LAX","JFK","-7","-3","19","-3"
"AA","SFO","DFW","JFK","-2","-10","-1","-10"
"AA","SFO","DFW","JFK","-2","363","387","363"
"DL","SFO","LAX","JFK","-3","-34","-5","-34"
"AA","SFO","CLT","JFK","-4","-1","7","-1"
"AA","SFO","DFW","JFK","-2","363","387","363"
"DL","SFO","LAX","JFK","-2","-23","-6","-23"
"AA","SFO","PHX","JFK","-5","-34","-1","-34"
"AA","SFO","LAX","JFK","-3","-26","-6","-26"
"AS","SFO","SEA","JFK","-11","-38","-5","-38"
"AS","SFO","SEA","JFK","-10","-38","-5","-38"
"AA","SFO","LAX","JFK","-8","-43","-5","-43"
"AA","SFO","LAX","JFK","-8","-8","-4","-8"
"DL","SFO","LAX","JFK","-5","-28","0","-28"
"DL","SFO","LAX","JFK","-5","-9","-1","-9"
"AA","SFO","LAX","JFK","-3","-18","-5","-18"
"AA","SFO","LAX","JFK","-3","-43","-5","-43"
"DL","SFO","LAX","JFK","-2","-28","0","-28"
"AA","SFO","LAX","JFK","-6","-18","-5","-18"
"AA","SFO","CLT","JFK","-3","-15","-1","-15"
"AA","SFO","DFW","JFK","-3","-25","0","-25"
"B6","SFO","LAS","JFK","4","-30","-6","-30"
"DL","SFO","LAX","JFK","0","11","20","11"
"DL","SFO","LAX","JFK","9","-18","0","-18"
"AA","SFO","PHX","JFK","0","-30","-3","-30"
"AA","SFO","LAX","JFK","0","19","8","19"
"AA","SFO","LAX","JFK","0","-19","-4","-19"
"AA","SFO","DFW","JFK","-1","-17","3","-17"
"DL","SFO","LAX","JFK","-2","-18","0","-18"
"AA","SFO","CLT","JFK","23","-8","-1","-8"
"DL","SFO","LAX","JFK","39","-36","-5","-36"
"AA","SFO","PHX","JFK","0","-33","-8","-33"
"AA","SFO","CLT","JFK","10","-8","-1","-8"
"AA","SFO","PHX","JFK","-7","-15","0","-15"
"AS","SFO","SEA","JFK","-4","4","14","4"
"AA","SFO","LAX","JFK","-3","-27","3","-27"
"AA","SFO","LAX","JFK","-3","-14","-6","-14"
"DL","SFO","LAX","JFK","5","-28","-1","-28"
"DL","SFO","LAX","JFK","5","-26","-1","-26"
"AA","SFO","LAX","JFK","-3","-12","-3","-12"
"AA","SFO","LAX","JFK","-3","-27","3","-27"
"AA","SFO","LAX","JFK","-4","-12","-3","-12"
"AA","SFO","CLT","JFK","-4","-18","-3","-18"
"DL","SFO","MSP","JFK","25","26","24","26"
"AA","SFO","CLT","JFK","-4","0","0","0"
"AA","SFO","DFW","JFK","-1","-27","-2","-27"
"AA","SFO","PHX","JFK","-3","2","-4","2"
"AA","SFO","LAX","JFK","5","28","30","28"
"DL","SFO","LAX","JFK","-3","4","16","4"
"DL","SFO","LAX","JFK","-3","4","16","4"
"DL","SFO","LAX","JFK","5","4","16","4"
"AA","SFO","PHX","JFK","-2","52","81","52"
"AA","SFO","DFW","JFK","-2","-3","17","-3"
"DL","SFO","LAX","JFK","-1","-17","-7","-17"
"AA","SFO","CLT","JFK","-2","13","25","13"
"DL","SFO","LAX","JFK","-1","-11","-3","-11"
"AA","SFO","PHX","JFK","4","36","36","36"
"AA","SFO","CLT","JFK","-1","0","-1","0"
"AA","SFO","LAX","JFK","-3","36","55","36"
"AS","SFO","SEA","JFK","9","-27","0","-27"
"AA","SFO","PHX","JFK","-1","-7","2","-7"
"AS","SFO","SEA","JFK","-8","-27","0","-27"
"AA","SFO","LAX","JFK","-5","-14","0","-14"
"AA","SFO","LAX","JFK","-5","-4","-3","-4"
"DL","SFO","LAX","JFK","-5","-7","0","-7"
"AA","SFO","LAX","JFK","-3","11","-1","11"
"AA","SFO","LAX","JFK","-3","-14","0","-14"
"DL","SFO","LAX","JFK","20","20","1","20"
"DL","SFO","LAX","JFK","20","40","25","40"
"AA","SFO","CLT","JFK","20","-5","10","-5"
"DL","SFO","MSP","JFK","-7","-27","-2","-27"
"AA","SFO","CLT","JFK","-3","-3","9","-3"
"AA","SFO","DFW","JFK","-4","-1","26","-1"
"AA","SFO","PHX","JFK","-3","-6","-2","-6"
"DL","SFO","MSP","JFK","2","-19","-2","-19"
"DL","SFO","LAX","JFK","-1","15","40","15"
"B6","SFO","LAS","JFK","-6","-5","6","-5"
"DL","SFO","MSP","JFK","-2","-19","-2","-19"
"DL","SFO","LAX","JFK","5","-13","9","-13"
"AA","SFO","PHX","JFK","0","-3","-1","-3"
"DL","SFO","LAX","JFK","74","8","34","8"
"AA","SFO","CLT","JFK","9","31","35","31"
"DL","SFO","LAX","JFK","91","8","34","8"
"AA","SFO","PHX","JFK","4","35","19","35"
"AA","SFO","CLT","JFK","16","15","23","15"
"DL","SFO","LAX","JFK","127","-7","16","-7"
"DL","SFO","SLC","JFK","143","-12","19","-12"
"AS","SFO","SEA","JFK","9","-45","3","-45"
"DL","SFO","LAX","JFK","81","-7","16","-7"
"AA","SFO","PHX","JFK","-3","-15","6","-15"
"B6","SFO","LAS","JFK","61","-11","1","-11"
"AA","SFO","LAX","JFK","12","-20","-2","-20"
"AA","SFO","LAX","JFK","12","-11","0","-11"
"AA","SFO","CLT","JFK","8","89","75","89"
"AA","SFO","CLT","JFK","-1","28","35","28"
"AA","SFO","DFW","JFK","2","6","29","6"
"AA","SFO","PHX","JFK","0","1","33","1"
"DL","SFO","LAX","JFK","21","-17","16","-17"
"AA","SFO","LAX","JFK","-2","-5","22","-5"
"AA","SFO","PHX","JFK","-2","-14","2","-14"
"DL","SFO","LAX","JFK","-6","-1","29","-1"
"AA","SFO","DFW","JFK","-3","32","-4","32"
"AA","SFO","PHX","JFK","-4","-26","-3","-26"
"DL","SFO","SLC","JFK","13","-14","7","-14"
"AA","SFO","CLT","JFK","123","120","132","120"
"DL","SFO","LAX","JFK","25","16","36","16"
"AS","SFO","SEA","JFK","-3","-31","6","-31"
"AA","SFO","PHX","JFK","-3","-20","0","-20"
"B6","SFO","LAS","JFK","-3","-1","5","-1"
"AS","SFO","SEA","JFK","-7","-31","6","-31"
"AA","SFO","LAX","JFK","-8","16","19","16"
"AA","SFO","LAX","JFK","-5","14","34","14"
"AA","SFO","CLT","JFK","1","9","8","9"
"AA","SFO","DFW","JFK","-2","-19","2","-19"
"AA","SFO","PHX","JFK","-3","-31","6","-31"
"DL","SFO","LAX","JFK","2","0","29","0"
"AA","SFO","LAX","JFK","-6","-26","1","-26"
"B6","SFO","LAS","JFK","3","12","27","12"
"AA","SFO","PHX","JFK","3","3","13","3"
"DL","SFO","LAX","JFK","-1","27","35","27"
"AA","SFO","DFW","JFK","-6","13","20","13"
"AA","SFO","CLT","JFK","0","13","0","13"
"DL","SFO","LAX","JFK","66","-2","26","-2"
"AA","SFO","CLT","JFK","20","79","95","79"
"DL","SFO","LAX","JFK","128","7","12","7"
"B6","SFO","LAS","JFK","88","16","15","16"
"DL","SFO","LAX","JFK","166","-9","-3","-9"
"DL","SFO","LAX","JFK","166","8","29","8"
"AA","SFO","LAX","JFK","28","17","-1","17"
"AA","SFO","LAX","JFK","28","5","5","5"
"AA","SFO","CLT","JFK","26","6","-1","6"
"AA","SFO","DFW","JFK","14","1","9","1"
"DL","SFO","LAX","JFK","-2","-34","0","-34"
"DL","SFO","LAX","JFK","241","54","75","54"
"B6","SFO","LAS","JFK","-1","-9","-1","-9"
"DL","SFO","LAX","JFK","-3","19","41","19"
"AA","SFO","CLT","JFK","18","3","0","3"
"DL","SFO","LAX","JFK","103","3","28","3"
"AA","SFO","PHX","JFK","26","-24","-6","-24"
"AA","SFO","PHX","JFK","152","-17","4","-17"
"DL","SFO","LAX","JFK","183","16","17","16"
"DL","SFO","LAX","JFK","183","9","6","9"
"AA","SFO","PHX","JFK","32","-17","4","-17"
"DL","SFO","LAX","JFK","113","16","17","16"
"AA","SFO","LAX","JFK","100","18","-2","18"
"AA","SFO","LAX","JFK","100","185","157","185"
"AA","SFO","CLT","JFK","209","44","33","44"
"DL","SFO","LAX","JFK","16","33","40","33"
"AA","SFO","PHX","JFK","-1","61","30","61"
"AA","SFO","LAX","JFK","2","-16","2","-16"
"DL","SFO","LAX","JFK","11","35","55","35"
"AA","SFO","CLT","JFK","169","-4","6","-4"
"AA","SFO","PHX","JFK","17","39","31","39"
"DL","SFO","LAX","JFK","0","40","68","40"
"AA","SFO","DFW","JFK","-5","14","24","14"
"AA","SFO","CLT","JFK","32","-4","6","-4"
"DL","SFO","LAX","JFK","55","4","15","4"
"AA","SFO","PHX","JFK","30","-7","-3","-7"
"AA","SFO","PHX","JFK","86","8","3","8"
"B6","SFO","LAS","JFK","185",,"1",
"DL","SFO","LAX","JFK","75","4","-1","4"
"DL","SFO","LAX","JFK","75","30","33","30"
"AA","SFO","LAX","JFK","6","16","13","16"
"AA","SFO","LAX","JFK","61","0","-7","0"
"AA","SFO","LAX","JFK","61","75","67","75"
"DL","SFO","LAX","JFK","9","4","-1","4"
"AA","SFO","CLT","JFK","19","27","28","27"
"AA","SFO","CLT","JFK","-1","27","28","27"
"AA","SFO","DFW","JFK","-2","70","33","70"
"DL","SFO","LAX","JFK","32","9","12","9"
"AA","SFO","PHX","JFK","-2","13","4","13"
"AA","SFO","DFW","JFK","56","162","58","162"
"DL","SFO","LAX","JFK","-4","26","2","26"
"DL","SFO","LAX","JFK","-4","10","17","10"
"AA","SFO","DFW","JFK","-2","162","58","162"
"AA","SFO","DFW","JFK","22","162","58","162"
"AA","SFO","CLT","JFK","-3","86","74","86"
"AA","SFO","PHX","JFK","-6","19","8","19"
"AA","SFO","LAX","JFK","-1","-11","-6","-11"
"AA","SFO","PHX","JFK","2","-14","12","-14"
"DL","SFO","LAX","JFK","69","20","16","20"
"AS","SFO","SEA","JFK","1","2","32","2"
"AA","SFO","LAX","JFK","32","-4","-5","-4"
"AA","SFO","LAX","JFK","32","-8","11","-8"
"AA","SFO","LAX","JFK","6","-4","-5","-4"
"DL","SFO","LAX","JFK","23","20","16","20"
"AA","SFO","CLT","JFK","-3","31","20","31"
"AA","SFO","DFW","JFK","1","-10","-3","-10"
"AA","SFO","PHX","JFK","-2","-36","-5","-36"
"AA","SFO","LAX","JFK","-4","-39","-7","-39"
"DL","SFO","LAX","JFK","-3","4","44","4"
"AA","SFO","PHX","JFK","0","3","17","3"
"AA","SFO","DFW","JFK","18","8","19","8"
"DL","SFO","LAX","JFK","3","15","42","15"
"AA","SFO","PHX","JFK","7","-20","10","-20"
"DL","SFO","SLC","JFK","9","-7","-4","-7"
"AA","SFO","LAX","JFK","-4","7","48","7"
"AA","SFO","PHX","JFK","10","-27","4","-27"
"AS","SFO","SEA","JFK","-6","-7","7","-7"
"AA","SFO","CLT","JFK","-1","12","27","12"
"AA","SFO","CLT","JFK","-1","-4","3","-4"
"AA","SFO","DFW","JFK","-4","-23","0","-23"
"AA","SFO","DFW","JFK","5","-23","0","-23"
"AA","SFO","PHX","JFK","-3","-20","8","-20"
"DL","SFO","LAX","JFK","-1","81","78","81"
"AA","SFO","CLT","JFK","-1","87","95","87"
"DL","SFO","MSP","JFK","11","3","8","3"
"AA","SFO","PHX","JFK","12","-19","19","-19"
"AA","SFO","DFW","JFK","-5","-13","7","-13"
"AA","SFO","CLT","JFK","-2","-5","-1","-5"
"DL","SFO","LAX","JFK","-2","90","121","90"
"AA","SFO","PHX","JFK","3","-45","-11","-45"
"AA","SFO","CLT","JFK","10","27","37","27"
"AA","SFO","PHX","JFK","-3","-21","16","-21"
"DL","SFO","LAX","JFK","68","-14","1","-14"
"AA","SFO","CLT","JFK","-2","15","-1","15"
"AA","SFO","CLT","JFK","-2","9","2","9"
"AA","SFO","DFW","JFK","-2","31","35","31"
"DL","SFO","LAX","JFK","5","12","7","12"
"AA","SFO","LAX","JFK","-6","2","-5","2"
"B6","SFO","LAS","JFK","-1","10","11","10"
"AA","SFO","DFW","JFK","-2","93","-3","93"
"AA","SFO","PHX","JFK","-7","16","-5","16"
"DL","SFO","LAX","JFK","-5","34","29","34"
"AA","SFO","CLT","JFK","-8","53","56","53"
"DL","SFO","LAX","JFK","16","-8","0","-8"
"AA","SFO","PHX","JFK","-2","14","12","14"
"AS","SFO","SEA","JFK","-9","-26","-1","-26"
"AA","SFO","PHX","JFK","-3","-8","2","-8"
"B6","SFO","LAS","JFK","2","0","-2","0"
"AS","SFO","SEA","JFK","-5","-26","-1","-26"
